KluayTodd,admin,admin,10-09-2022 23:59:28
wasd,asdf,staff,‡∏™‡∏≥‡∏ô‡∏±‡∏Å‡πÄ‡∏Å‡πá‡∏ï‡πÑ‡∏Å‡πà,10-09-2022 23:59:43
KluayTodd,admin,admin,11-09-2022 00:01:35
Sorawit Nualmanee,jo,nisit,11-09-2022 00:07:17
KluayTodd,admin,admin,11-09-2022 00:07:34
KluayTodd,admin,admin,11-09-2022 00:07:56
Rachata Kaewviset,a,nisit,29-09-2022 15:52:50
Rachata Kaewviset,a,nisit,29-09-2022 15:53:42
Rachata Kaewviset,a,nisit,29-09-2022 15:56:20
Rachata Kaewviset,a,nisit,29-09-2022 15:57:29
Rachata Kaewviset,a,nisit,29-09-2022 16:06:45
Rachata Kaewviset,a,nisit,29-09-2022 16:14:39
Rachata Kaewviset,a,nisit,29-09-2022 16:15:19
Rachata Kaewviset,a,nisit,29-09-2022 16:25:46
Moon,Joemama,staff,‡∏™‡∏≥‡∏?‡∏±‡∏?‡∏?‡∏≤‡∏£‡∏?‡∏µ‡∏¨‡∏≤,29-09-2022 16:26:13
Sorawit,jojo,staff,‡∏™‡∏≥‡∏?‡∏±‡∏?‡∏?‡∏≤‡∏£‡∏?‡∏µ‡∏¨‡∏≤,29-09-2022 16:55:27
Sorawit,jojo,staff,‡∏™‡∏≥‡∏?‡∏±‡∏?‡∏?‡∏≤‡∏£‡∏?‡∏µ‡∏¨‡∏≤,29-09-2022 16:59:11
KluayTodd,admin,admin,29-09-2022 17:08:16
