admin,admin,29-09-2022 19:49:51
admin,admin,29-09-2022 19:53:53
admin,admin,29-09-2022 19:55:24
admin,admin,29-09-2022 20:04:06
admin,admin,29-09-2022 20:04:22
admin,admin,29-09-2022 20:11:23
admin,admin,29-09-2022 20:11:56
admin,admin,29-09-2022 20:12:21
admin,admin,29-09-2022 20:12:42
123qwe,staff,สำนักงานนายกรัฐมนตรี,29-09-2022 20:12:58
admin,admin,29-09-2022 20:13:06
admin,admin,29-09-2022 20:15:14
nisit,nisit,29-09-2022 21:11:30
admin,admin,29-09-2022 21:46:51
nisit,nisit,29-09-2022 21:52:25
nisit,nisit,29-09-2022 21:57:46
admin,admin,29-09-2022 21:58:02
nisit,nisit,03-10-2022 07:10:22
admin,admin,03-10-2022 07:15:00
admin,admin,03-10-2022 07:27:33
admin,admin,03-10-2022 07:31:40
admin,admin,03-10-2022 08:05:19
nisit,nisit,03-10-2022 08:08:21
nisit,nisit,03-10-2022 08:16:58
nisit,nisit,03-10-2022 09:17:34
nisit,nisit,03-10-2022 09:20:04
nisit,nisit,03-10-2022 09:20:23
nisit,nisit,03-10-2022 09:22:22
nisit,nisit,03-10-2022 09:32:04
nisit,nisit,04-10-2022 04:08:15
nisit,nisit,04-10-2022 08:08:46
nisit,nisit,04-10-2022 08:17:43
nisit,nisit,04-10-2022 08:20:10
nisit,nisit,04-10-2022 08:21:23
nisit,nisit,04-10-2022 08:25:25
nisit,nisit,04-10-2022 08:26:20
nisit,nisit,04-10-2022 08:26:55
nisit,nisit,04-10-2022 08:28:33
nisit,nisit,04-10-2022 08:29:53
nisit,nisit,04-10-2022 08:30:46
nisit,nisit,04-10-2022 08:31:54
nisit,nisit,04-10-2022 08:33:00
nisit,nisit,04-10-2022 09:03:52
nisit,nisit,04-10-2022 09:05:21
nisit,nisit,04-10-2022 09:06:04
nisit,nisit,04-10-2022 09:52:34
nisit,nisit,04-10-2022 09:53:46
nisit,nisit,04-10-2022 09:56:53
nisit,nisit,04-10-2022 10:00:35
nisit,nisit,04-10-2022 10:07:09
nisit,nisit,04-10-2022 10:08:03
nisit,nisit,04-10-2022 10:12:06
nisit,nisit,04-10-2022 10:13:46
nisit,nisit,04-10-2022 11:20:46
nisit,nisit,04-10-2022 13:22:41
nisit,nisit,04-10-2022 13:24:26
nisit,nisit,04-10-2022 13:51:26
nisit,nisit,04-10-2022 14:17:05
nisit,nisit,04-10-2022 14:19:46
nisit,nisit,04-10-2022 14:26:52
nisit,nisit,04-10-2022 14:30:00
nisit,nisit,04-10-2022 14:31:26
nisit,nisit,04-10-2022 14:32:20
nisit,nisit,04-10-2022 14:42:57
nisit,nisit,04-10-2022 14:44:17
nisit,nisit,04-10-2022 14:44:38
nisit,nisit,04-10-2022 14:45:25
nisit,nisit,04-10-2022 14:46:21
nisit,nisit,04-10-2022 14:46:39
nisit,nisit,04-10-2022 14:46:56
nisit,nisit,04-10-2022 14:48:12
nisit,nisit,04-10-2022 14:48:33
nisit,nisit,04-10-2022 14:48:57
nisit,nisit,04-10-2022 15:39:43
nisit,nisit,04-10-2022 15:41:21
nisit,nisit,04-10-2022 15:54:36
nisit,nisit,04-10-2022 15:56:07
nisit,nisit,04-10-2022 15:56:55
nisit,nisit,04-10-2022 15:58:15
nisit,nisit,04-10-2022 16:04:50
nisit,nisit,04-10-2022 16:06:09
nisit,nisit,04-10-2022 16:09:49
nisit,nisit,04-10-2022 16:12:49
nisit,nisit,04-10-2022 16:18:45
nisit,nisit,04-10-2022 16:30:13
nisit,nisit,04-10-2022 16:33:44
nisit,nisit,04-10-2022 17:47:48
nisit,nisit,05-10-2022 05:19:35
nisit,nisit,05-10-2022 05:20:56
nisit,nisit,05-10-2022 05:22:10
nisit,nisit,05-10-2022 05:25:03
nisit,nisit,05-10-2022 05:30:00
nisit,nisit,05-10-2022 05:57:16
nisit,nisit,05-10-2022 05:59:43
nisit,nisit,05-10-2022 06:01:23
nisit,nisit,05-10-2022 06:02:47
nisit,nisit,05-10-2022 06:03:34
nisit,nisit,05-10-2022 06:09:21
nisit,nisit,05-10-2022 06:14:05
nisit,nisit,05-10-2022 06:17:39
nisit,nisit,06-10-2022 20:14:03
nisit,nisit,06-10-2022 20:16:24
nisit,nisit,06-10-2022 20:18:25
nisit,nisit,06-10-2022 20:19:30
nisit,nisit,06-10-2022 20:20:15
nisit,nisit,06-10-2022 20:20:43
nisit,nisit,06-10-2022 20:21:30
nisit,nisit,06-10-2022 20:25:30
nisit,nisit,06-10-2022 20:27:07
nisit,nisit,06-10-2022 20:27:58
nisit,nisit,06-10-2022 20:36:44
nisit,nisit,06-10-2022 20:38:51
nisit,nisit,06-10-2022 20:39:55
nisit,nisit,06-10-2022 20:41:28
nisit,nisit,06-10-2022 20:45:30
nisit,nisit,06-10-2022 20:54:36
nisit,nisit,06-10-2022 20:58:45
nisit,nisit,06-10-2022 21:08:25
nisit,nisit,06-10-2022 21:28:56
nisit,nisit,06-10-2022 21:30:05
nisit,nisit,06-10-2022 21:32:10
nisit,nisit,06-10-2022 23:05:45
nisit,nisit,06-10-2022 23:07:46
nisit,nisit,06-10-2022 23:09:50
nisit,nisit,06-10-2022 23:10:39
nisit,nisit,06-10-2022 23:14:29
nisit,nisit,06-10-2022 23:15:06
nisit,nisit,06-10-2022 23:25:30
nisit,nisit,06-10-2022 23:26:12
nisit,nisit,06-10-2022 23:26:52
nisit,nisit,06-10-2022 23:27:23
nisit,nisit,06-10-2022 23:27:58
nisit,nisit,06-10-2022 23:34:19
nisit,nisit,06-10-2022 23:36:05
nisit,nisit,06-10-2022 23:36:07
nisit,nisit,06-10-2022 23:36:08
nisit,nisit,06-10-2022 23:36:08
nisit,nisit,06-10-2022 23:38:21
nisit,nisit,06-10-2022 23:38:22
nisit,nisit,06-10-2022 23:38:23
nisit,nisit,06-10-2022 23:39:48
nisit,nisit,06-10-2022 23:40:44
nisit,nisit,06-10-2022 23:46:14
nisit,nisit,06-10-2022 23:49:03
nisit,nisit,06-10-2022 23:49:24
nisit,nisit,06-10-2022 23:50:48
nisit,nisit,06-10-2022 23:51:22
nisit,nisit,06-10-2022 23:51:47
nisit,nisit,06-10-2022 23:52:49
nisit,nisit,06-10-2022 23:58:55
nisit,nisit,06-10-2022 23:59:17
nisit,nisit,07-10-2022 00:03:52
nisit,nisit,07-10-2022 00:06:14
nisit,nisit,07-10-2022 00:08:06
nisit,nisit,07-10-2022 00:14:00
nisit,nisit,07-10-2022 00:15:51
nisit,nisit,07-10-2022 00:16:06
nisit,nisit,07-10-2022 00:17:31
nisit,nisit,07-10-2022 00:19:32
nisit,nisit,07-10-2022 08:40:33
nisit,nisit,07-10-2022 08:41:31
nisit,nisit,07-10-2022 08:41:59
a,nisit,07-10-2022 09:30:15
