11-10-2022 17:18:32,admin,admin123,admin,KluayTodd,active,0,,#666666FF,#FFFFFFFF,#333333FF,#1A1A1AFF
11-10-2022 15:41:11,a,asd,nisit,Rachata Kaewviset,active,0,,#FFFFFFFF,#4D1A4DFF,#B3B3B3FF,#CCCCCCFF
ยังไม่มีการใช้งาน,abc,123,nisit,Sorawit Nualmanee,active,0,,#666666FF,#FFFFFFFF,#333333FF,#1A1A1AFF
11-10-2022 17:17:24,aaaaaa,1,staff,a,active,0,,#666666FF,#FFFFFFFF,#333333FF,#1A1A1AFF
08-10-2022 22:03:16,blackTheme,123,nisit,I'm black theme bro,active,0,,#666666FF,#FFFFFFFF,#333333FF,#1A1A1AFF
08-10-2022 22:10:37,KUTheme,kutogether,nisit,สลิ่มKU,active,0,,#226E64FF,#FFFFFFFF,#FFFFFFFF,#AFC13BFF
08-10-2022 22:18:45,cute,123,nisit,หวานแหววแหวว,active,0,,#CCB3FFFF,#F2F2F2FF,#FFCCFFFF,#E6B3CCFF
08-10-2022 22:21:40,blue,123,nisit,blued,active,0,,#4D66CCFF,#F2F2F2FF,#B3CCFFFF,#334DB3FF
10-10-2022 18:09:01,abcdefg,abcdefg,nisit,abcdefg,active,0,,#1A1A1AFF,#B3E6B3FF,#B3B3B3FF,#CCFFCCFF
11-10-2022 22:31:33,senpai,senpai,staff,Zenpai,active,0,สำนักบริการคอมพิวเตอร์,0x669966ff,0x000000ff,0xffffffff,0x008000ff
11-10-2022 18:31:48,bb,1234,nisit,aa,active,0,,#666666FF,#FFFFFFFF,#333333FF,#1A1A1AFF
